,Unnamed: 0.1,Unnamed: 0,Country,Region,Happiness Rank,Happiness Score,Economy (GDP per Capita),Health (Life Expectancy),Freedom,Trust (Government Corruption),Generosity,Year,Mean Rank,Rank,Rank,Rank,Rank
0,0,0,Switzerland,Western Europe,1,7.587,1.39651,0.94143,0.66557,0.41978,0.29678,2015,24.94047619047619,24.94047619047619,24.94047619047619,24.94047619047619,24.94047619047619
1,1,1,Iceland,Western Europe,2,7.561,1.30232,0.94784,0.62877,0.14145,0.4363,2015,24.94047619047619,24.94047619047619,24.94047619047619,24.94047619047619,24.94047619047619
2,2,2,Denmark,Western Europe,3,7.527,1.32548,0.87464,0.64938,0.48357,0.34139,2015,24.94047619047619,24.94047619047619,24.94047619047619,24.94047619047619,24.94047619047619
3,3,3,Norway,Western Europe,4,7.522,1.459,0.88521,0.66973,0.36503,0.34699,2015,24.94047619047619,24.94047619047619,24.94047619047619,24.94047619047619,24.94047619047619
4,5,5,Finland,Western Europe,6,7.406,1.29025,0.88911,0.64169,0.41372,0.23351,2015,24.94047619047619,24.94047619047619,24.94047619047619,24.94047619047619,24.94047619047619
5,6,6,Netherlands,Western Europe,7,7.378,1.32944,0.89284,0.61576,0.31814,0.4761,2015,24.94047619047619,24.94047619047619,24.94047619047619,24.94047619047619,24.94047619047619
6,7,7,Sweden,Western Europe,8,7.364,1.33171,0.91087,0.6598,0.43844,0.36262,2015,24.94047619047619,24.94047619047619,24.94047619047619,24.94047619047619,24.94047619047619
7,12,12,Austria,Western Europe,13,7.2,1.33723,0.89042,0.62433,0.18676,0.33088,2015,24.94047619047619,24.94047619047619,24.94047619047619,24.94047619047619,24.94047619047619
8,16,16,Luxembourg,Western Europe,17,6.946,1.56391,0.91894,0.61583,0.37798,0.28034,2015,24.94047619047619,24.94047619047619,24.94047619047619,24.94047619047619,24.94047619047619
9,17,17,Ireland,Western Europe,18,6.94,1.33596,0.89533,0.61777,0.28703,0.45901,2015,24.94047619047619,24.94047619047619,24.94047619047619,24.94047619047619,24.94047619047619
10,18,18,Belgium,Western Europe,19,6.937,1.30782,0.89667,0.5845,0.2254,0.2225,2015,24.94047619047619,24.94047619047619,24.94047619047619,24.94047619047619,24.94047619047619
11,20,20,United Kingdom,Western Europe,21,6.867,1.26637,0.90943,0.59625,0.32067,0.51912,2015,24.94047619047619,24.94047619047619,24.94047619047619,24.94047619047619,24.94047619047619
12,25,25,Germany,Western Europe,26,6.75,1.32792,0.89186,0.61477,0.21843,0.28214,2015,24.94047619047619,24.94047619047619,24.94047619047619,24.94047619047619,24.94047619047619
13,28,28,France,Western Europe,29,6.575,1.27778,0.94579,0.55011,0.20646,0.12332,2015,24.94047619047619,24.94047619047619,24.94047619047619,24.94047619047619,24.94047619047619
14,35,35,Spain,Western Europe,36,6.329,1.23011,0.95562,0.45951,0.06398,0.18227,2015,24.94047619047619,24.94047619047619,24.94047619047619,24.94047619047619,24.94047619047619
15,36,36,Malta,Western Europe,37,6.302,1.2074,0.88721,0.60365,0.13586,0.51752,2015,24.94047619047619,24.94047619047619,24.94047619047619,24.94047619047619,24.94047619047619
16,49,49,Italy,Western Europe,50,5.948,1.25114,0.95446,0.26236,0.02901,0.22823,2015,24.94047619047619,24.94047619047619,24.94047619047619,24.94047619047619,24.94047619047619
17,65,65,North Cyprus,Western Europe,66,5.695,1.20806,0.92356,0.49027,0.1428,0.26169,2015,24.94047619047619,24.94047619047619,24.94047619047619,24.94047619047619,24.94047619047619
18,66,66,Cyprus,Western Europe,67,5.689,1.20813,0.92356,0.40672,0.06146,0.30638,2015,24.94047619047619,24.94047619047619,24.94047619047619,24.94047619047619,24.94047619047619
19,87,87,Portugal,Western Europe,88,5.102,1.15991,0.87519,0.51469,0.01078,0.13719,2015,24.94047619047619,24.94047619047619,24.94047619047619,24.94047619047619,24.94047619047619
20,101,101,Greece,Western Europe,102,4.857,1.15406,0.88213,0.07699,0.01397,0.0,2015,24.94047619047619,24.94047619047619,24.94047619047619,24.94047619047619,24.94047619047619
21,0,0,Denmark,Western Europe,1,7.526,1.44178,0.79504,0.57941,0.44453,0.36171,2016,24.94047619047619,24.94047619047619,24.94047619047619,24.94047619047619,24.94047619047619
22,1,1,Switzerland,Western Europe,2,7.509,1.52733,0.86303,0.58557,0.41203,0.28083,2016,24.94047619047619,24.94047619047619,24.94047619047619,24.94047619047619,24.94047619047619
23,2,2,Iceland,Western Europe,3,7.501,1.42666,0.86733,0.56624,0.14975,0.47678,2016,24.94047619047619,24.94047619047619,24.94047619047619,24.94047619047619,24.94047619047619
24,3,3,Norway,Western Europe,4,7.498,1.57744,0.79579,0.59609,0.35776,0.37895,2016,24.94047619047619,24.94047619047619,24.94047619047619,24.94047619047619,24.94047619047619
25,4,4,Finland,Western Europe,5,7.413,1.40598,0.81091,0.57104,0.41004,0.25492,2016,24.94047619047619,24.94047619047619,24.94047619047619,24.94047619047619,24.94047619047619
26,6,6,Netherlands,Western Europe,7,7.339,1.46468,0.81231,0.55211,0.29927,0.47416,2016,24.94047619047619,24.94047619047619,24.94047619047619,24.94047619047619,24.94047619047619
27,9,9,Sweden,Western Europe,10,7.291,1.45181,0.83121,0.58218,0.40867,0.38254,2016,24.94047619047619,24.94047619047619,24.94047619047619,24.94047619047619,24.94047619047619
28,11,11,Austria,Western Europe,12,7.119,1.45038,0.80565,0.54355,0.21348,0.32865,2016,24.94047619047619,24.94047619047619,24.94047619047619,24.94047619047619,24.94047619047619
29,15,15,Germany,Western Europe,16,6.994,1.44787,0.81487,0.53466,0.28551,0.30452,2016,24.94047619047619,24.94047619047619,24.94047619047619,24.94047619047619,24.94047619047619
30,17,17,Belgium,Western Europe,18,6.929,1.42539,0.81959,0.51354,0.26248,0.2424,2016,24.94047619047619,24.94047619047619,24.94047619047619,24.94047619047619,24.94047619047619
31,18,18,Ireland,Western Europe,19,6.907,1.48341,0.81455,0.54008,0.29754,0.44963,2016,24.94047619047619,24.94047619047619,24.94047619047619,24.94047619047619,24.94047619047619
32,19,19,Luxembourg,Western Europe,20,6.871,1.69752,0.84542,0.5487,0.35329,0.27571,2016,24.94047619047619,24.94047619047619,24.94047619047619,24.94047619047619,24.94047619047619
33,22,22,United Kingdom,Western Europe,23,6.725,1.40283,0.80991,0.50036,0.27399,0.50156,2016,24.94047619047619,24.94047619047619,24.94047619047619,24.94047619047619,24.94047619047619
34,29,29,Malta,Western Europe,30,6.488,1.30782,0.80315,0.54994,0.17554,0.56237,2016,24.94047619047619,24.94047619047619,24.94047619047619,24.94047619047619,24.94047619047619
35,31,31,France,Western Europe,32,6.478,1.39488,0.83795,0.46562,0.17808,0.1216,2016,24.94047619047619,24.94047619047619,24.94047619047619,24.94047619047619,24.94047619047619
36,36,36,Spain,Western Europe,37,6.361,1.34253,0.87896,0.37545,0.06137,0.17665,2016,24.94047619047619,24.94047619047619,24.94047619047619,24.94047619047619,24.94047619047619
37,49,49,Italy,Western Europe,50,5.977,1.35495,0.85102,0.18827,0.02556,0.16684,2016,24.94047619047619,24.94047619047619,24.94047619047619,24.94047619047619,24.94047619047619
38,61,61,North Cyprus,Western Europe,62,5.771,1.31141,0.84142,0.43596,0.16578,0.26322,2016,24.94047619047619,24.94047619047619,24.94047619047619,24.94047619047619,24.94047619047619
39,68,68,Cyprus,Western Europe,69,5.546,1.31857,0.8488,0.29507,0.05228,0.27906,2016,24.94047619047619,24.94047619047619,24.94047619047619,24.94047619047619,24.94047619047619
40,93,93,Portugal,Western Europe,94,5.123,1.27607,0.79363,0.44727,0.01521,0.11691,2016,24.94047619047619,24.94047619047619,24.94047619047619,24.94047619047619,24.94047619047619
41,98,98,Greece,Western Europe,99,5.033,1.24886,0.80029,0.05822,0.04127,0.0,2016,24.94047619047619,24.94047619047619,24.94047619047619,24.94047619047619,24.94047619047619
42,0,0,Norway,Western Europe,1,7.53700017929077,1.61646318435669,0.796666502952576,0.635422587394714,0.315963834524155,0.36201223731041,2017,24.94047619047619,24.94047619047619,24.94047619047619,24.94047619047619,24.94047619047619
43,1,1,Denmark,Western Europe,2,7.52199983596802,1.48238301277161,0.792565524578094,0.626006722450256,0.40077006816864,0.355280488729477,2017,24.94047619047619,24.94047619047619,24.94047619047619,24.94047619047619,24.94047619047619
44,2,2,Iceland,Western Europe,3,7.50400018692017,1.480633020401,0.833552122116089,0.627162635326385,0.153526559472084,0.475540220737457,2017,24.94047619047619,24.94047619047619,24.94047619047619,24.94047619047619,24.94047619047619
45,3,3,Switzerland,Western Europe,4,7.49399995803833,1.56497955322266,0.858131289482117,0.620070576667786,0.367007285356522,0.290549278259277,2017,24.94047619047619,24.94047619047619,24.94047619047619,24.94047619047619,24.94047619047619
46,4,4,Finland,Western Europe,5,7.4689998626709,1.44357192516327,0.80915766954422,0.617950856685638,0.38261154294014,0.24548277258873,2017,24.94047619047619,24.94047619047619,24.94047619047619,24.94047619047619,24.94047619047619
47,5,5,Netherlands,Western Europe,6,7.3769998550415,1.50394463539124,0.810696125030518,0.585384488105774,0.282661825418472,0.470489829778671,2017,24.94047619047619,24.94047619047619,24.94047619047619,24.94047619047619,24.94047619047619
48,8,8,Sweden,Western Europe,9,7.28399991989136,1.49438726902008,0.830875158309937,0.612924098968506,0.384398728609085,0.385399252176285,2017,24.94047619047619,24.94047619047619,24.94047619047619,24.94047619047619,24.94047619047619
49,12,12,Austria,Western Europe,13,7.00600004196167,1.48709726333618,0.815328419208527,0.567766189575195,0.221060365438461,0.316472321748734,2017,24.94047619047619,24.94047619047619,24.94047619047619,24.94047619047619,24.94047619047619
50,14,14,Ireland,Western Europe,15,6.97700023651123,1.53570663928986,0.80978262424469,0.573110342025757,0.29838815331459,0.42785832285881,2017,24.94047619047619,24.94047619047619,24.94047619047619,24.94047619047619,24.94047619047619
51,15,15,Germany,Western Europe,16,6.95100021362305,1.48792338371277,0.798950731754303,0.562511384487152,0.276731938123703,0.336269170045853,2017,24.94047619047619,24.94047619047619,24.94047619047619,24.94047619047619,24.94047619047619
52,16,16,Belgium,Western Europe,17,6.89099979400635,1.46378076076508,0.818091869354248,0.539770722389221,0.251343131065369,0.231503337621689,2017,24.94047619047619,24.94047619047619,24.94047619047619,24.94047619047619,24.94047619047619
53,17,17,Luxembourg,Western Europe,18,6.86299991607666,1.74194359779358,0.845089495182037,0.59662789106369,0.31883442401886,0.283180981874466,2017,24.94047619047619,24.94047619047619,24.94047619047619,24.94047619047619,24.94047619047619
54,18,18,United Kingdom,Western Europe,19,6.71400022506714,1.44163393974304,0.805335938930511,0.508190035820007,0.265428066253662,0.492774158716202,2017,24.94047619047619,24.94047619047619,24.94047619047619,24.94047619047619,24.94047619047619
55,26,26,Malta,Western Europe,27,6.52699995040894,1.34327983856201,0.821944236755371,0.588767051696777,0.153066068887711,0.574730575084686,2017,24.94047619047619,24.94047619047619,24.94047619047619,24.94047619047619,24.94047619047619
56,30,30,France,Western Europe,31,6.44199991226196,1.43092346191406,0.844465851783752,0.470222115516663,0.172502428293228,0.129762306809425,2017,24.94047619047619,24.94047619047619,24.94047619047619,24.94047619047619,24.94047619047619
57,33,33,Spain,Western Europe,34,6.40299987792969,1.38439786434174,0.888960599899292,0.408781230449677,0.0709140971302986,0.190133571624756,2017,24.94047619047619,24.94047619047619,24.94047619047619,24.94047619047619,24.94047619047619
58,47,47,Italy,Western Europe,48,5.96400022506714,1.39506661891937,0.853144347667694,0.256450712680817,0.0280280914157629,0.17278964817524,2017,24.94047619047619,24.94047619047619,24.94047619047619,24.94047619047619,24.94047619047619
59,60,60,North Cyprus,Western Europe,61,5.80999994277954,1.3469113111496,0.834647238254547,0.471203625202179,0.155353352427483,0.266845703125,2017,24.94047619047619,24.94047619047619,24.94047619047619,24.94047619047619,24.94047619047619
60,64,64,Cyprus,Western Europe,65,5.62099981307983,1.35593807697296,0.84471470117569,0.355111539363861,0.0412379764020443,0.271254301071167,2017,24.94047619047619,24.94047619047619,24.94047619047619,24.94047619047619,24.94047619047619
61,86,86,Greece,Western Europe,87,5.22700023651123,1.28948748111725,0.810198903083801,0.0957312509417534,0.04328977689147,0.0,2017,24.94047619047619,24.94047619047619,24.94047619047619,24.94047619047619,24.94047619047619
62,88,88,Portugal,Western Europe,89,5.19500017166138,1.3151752948761,0.795843541622162,0.498465299606323,0.0158694516867399,0.0951027125120163,2017,24.94047619047619,24.94047619047619,24.94047619047619,24.94047619047619,24.94047619047619
63,0,0,Finland,Western Europe,1,7.632,1.305,0.874,0.681,0.393,0.202,2018,24.94047619047619,24.94047619047619,24.94047619047619,24.94047619047619,24.94047619047619
64,1,1,Norway,Western Europe,2,7.594,1.456,0.861,0.686,0.34,0.286,2018,24.94047619047619,24.94047619047619,24.94047619047619,24.94047619047619,24.94047619047619
65,2,2,Denmark,Western Europe,3,7.555,1.351,0.868,0.683,0.408,0.284,2018,24.94047619047619,24.94047619047619,24.94047619047619,24.94047619047619,24.94047619047619
66,3,3,Iceland,Western Europe,4,7.495,1.343,0.914,0.677,0.138,0.353,2018,24.94047619047619,24.94047619047619,24.94047619047619,24.94047619047619,24.94047619047619
67,4,4,Switzerland,Western Europe,5,7.487,1.42,0.927,0.66,0.357,0.256,2018,24.94047619047619,24.94047619047619,24.94047619047619,24.94047619047619,24.94047619047619
68,5,5,Netherlands,Western Europe,6,7.441,1.361,0.878,0.638,0.295,0.333,2018,24.94047619047619,24.94047619047619,24.94047619047619,24.94047619047619,24.94047619047619
69,8,8,Sweden,Western Europe,9,7.314,1.355,0.913,0.659,0.383,0.285,2018,24.94047619047619,24.94047619047619,24.94047619047619,24.94047619047619,24.94047619047619
70,10,10,United Kingdom,Western Europe,11,7.19,1.244,0.888,0.464,0.082,0.262,2018,24.94047619047619,24.94047619047619,24.94047619047619,24.94047619047619,24.94047619047619
71,11,11,Austria,Western Europe,12,7.139,1.341,0.891,0.617,0.224,0.242,2018,24.94047619047619,24.94047619047619,24.94047619047619,24.94047619047619,24.94047619047619
72,13,13,Ireland,Western Europe,14,6.977,1.448,0.876,0.614,0.306,0.307,2018,24.94047619047619,24.94047619047619,24.94047619047619,24.94047619047619,24.94047619047619
73,14,14,Germany,Western Europe,15,6.965,1.34,0.861,0.586,0.28,0.273,2018,24.94047619047619,24.94047619047619,24.94047619047619,24.94047619047619,24.94047619047619
74,15,15,Belgium,Western Europe,16,6.927,1.324,0.894,0.583,0.24,0.188,2018,24.94047619047619,24.94047619047619,24.94047619047619,24.94047619047619,24.94047619047619
75,16,16,Luxembourg,Western Europe,17,6.91,1.576,0.896,0.632,0.321,0.196,2018,24.94047619047619,24.94047619047619,24.94047619047619,24.94047619047619,24.94047619047619
76,21,21,Malta,Western Europe,22,6.627,1.27,0.884,0.645,0.142,0.376,2018,24.94047619047619,24.94047619047619,24.94047619047619,24.94047619047619,24.94047619047619
77,22,22,France,Western Europe,23,6.489,1.293,0.908,0.52,0.176,0.098,2018,24.94047619047619,24.94047619047619,24.94047619047619,24.94047619047619,24.94047619047619
78,35,35,Spain,Western Europe,36,6.31,1.251,0.965,0.449,0.074,0.142,2018,24.94047619047619,24.94047619047619,24.94047619047619,24.94047619047619,24.94047619047619
79,46,46,Italy,Western Europe,47,6.0,1.264,0.946,0.281,0.028,0.137,2018,24.94047619047619,24.94047619047619,24.94047619047619,24.94047619047619,24.94047619047619
80,57,57,North Cyprus,Western Europe,58,5.835,1.229,0.909,0.495,0.154,0.179,2018,24.94047619047619,24.94047619047619,24.94047619047619,24.94047619047619,24.94047619047619
81,60,60,Cyprus,Western Europe,61,5.762,1.229,0.909,0.423,0.035,0.202,2018,24.94047619047619,24.94047619047619,24.94047619047619,24.94047619047619,24.94047619047619
82,76,76,Portugal,Western Europe,77,5.41,1.188,0.884,0.562,0.017,0.055,2018,24.94047619047619,24.94047619047619,24.94047619047619,24.94047619047619,24.94047619047619
83,78,78,Greece,Western Europe,79,5.358,1.154,0.879,0.131,0.044,0.0,2018,24.94047619047619,24.94047619047619,24.94047619047619,24.94047619047619,24.94047619047619
84,0,0,Finland,Western Europe,1,7.769,1.34,0.986,0.596,0.393,0.153,2019,24.94047619047619,24.94047619047619,24.94047619047619,24.94047619047619,24.94047619047619
85,1,1,Denmark,Western Europe,2,7.6,1.383,0.996,0.592,0.41,0.252,2019,24.94047619047619,24.94047619047619,24.94047619047619,24.94047619047619,24.94047619047619
86,2,2,Norway,Western Europe,3,7.554,1.488,1.028,0.603,0.341,0.271,2019,24.94047619047619,24.94047619047619,24.94047619047619,24.94047619047619,24.94047619047619
87,3,3,Iceland,Western Europe,4,7.494,1.38,1.026,0.591,0.118,0.354,2019,24.94047619047619,24.94047619047619,24.94047619047619,24.94047619047619,24.94047619047619
88,4,4,Netherlands,Western Europe,5,7.488,1.396,0.999,0.557,0.298,0.322,2019,24.94047619047619,24.94047619047619,24.94047619047619,24.94047619047619,24.94047619047619
89,5,5,Switzerland,Western Europe,6,7.48,1.452,1.052,0.572,0.343,0.263,2019,24.94047619047619,24.94047619047619,24.94047619047619,24.94047619047619,24.94047619047619
90,6,6,Sweden,Western Europe,7,7.343,1.387,1.009,0.574,0.373,0.267,2019,24.94047619047619,24.94047619047619,24.94047619047619,24.94047619047619,24.94047619047619
91,9,9,Austria,Western Europe,10,7.246,1.376,1.016,0.532,0.226,0.244,2019,24.94047619047619,24.94047619047619,24.94047619047619,24.94047619047619,24.94047619047619
92,13,13,Luxembourg,Western Europe,14,7.09,1.609,1.012,0.526,0.316,0.194,2019,24.94047619047619,24.94047619047619,24.94047619047619,24.94047619047619,24.94047619047619
93,14,14,United Kingdom,Western Europe,15,7.054,1.333,0.996,0.45,0.278,0.348,2019,24.94047619047619,24.94047619047619,24.94047619047619,24.94047619047619,24.94047619047619
94,15,15,Ireland,Western Europe,16,7.021,1.499,0.999,0.516,0.31,0.298,2019,24.94047619047619,24.94047619047619,24.94047619047619,24.94047619047619,24.94047619047619
95,16,16,Germany,Western Europe,17,6.985,1.373,0.987,0.495,0.265,0.261,2019,24.94047619047619,24.94047619047619,24.94047619047619,24.94047619047619,24.94047619047619
96,17,17,Belgium,Western Europe,18,6.923,1.356,0.986,0.473,0.21,0.16,2019,24.94047619047619,24.94047619047619,24.94047619047619,24.94047619047619,24.94047619047619
97,21,21,Malta,Western Europe,22,6.726,1.3,0.999,0.564,0.151,0.375,2019,24.94047619047619,24.94047619047619,24.94047619047619,24.94047619047619,24.94047619047619
98,23,23,France,Western Europe,24,6.592,1.324,1.045,0.436,0.183,0.111,2019,24.94047619047619,24.94047619047619,24.94047619047619,24.94047619047619,24.94047619047619
99,29,29,Spain,Western Europe,30,6.354,1.286,1.062,0.362,0.079,0.153,2019,24.94047619047619,24.94047619047619,24.94047619047619,24.94047619047619,24.94047619047619
100,35,35,Italy,Western Europe,36,6.223,1.294,1.039,0.231,0.03,0.158,2019,24.94047619047619,24.94047619047619,24.94047619047619,24.94047619047619,24.94047619047619
101,48,48,Cyprus,Western Europe,49,6.046,1.263,1.042,0.406,0.041,0.19,2019,24.94047619047619,24.94047619047619,24.94047619047619,24.94047619047619,24.94047619047619
102,63,63,North Cyprus,Western Europe,64,5.718,1.263,1.042,0.417,0.162,0.191,2019,24.94047619047619,24.94047619047619,24.94047619047619,24.94047619047619,24.94047619047619
103,65,65,Portugal,Western Europe,66,5.693,1.221,0.999,0.508,0.025,0.047,2019,24.94047619047619,24.94047619047619,24.94047619047619,24.94047619047619,24.94047619047619
104,81,81,Greece,Western Europe,82,5.287,1.181,0.999,0.067,0.034,0.0,2019,24.94047619047619,24.94047619047619,24.94047619047619,24.94047619047619,24.94047619047619
105,0,0,Finland,Western Europe,1,7.808700085,1.285189509,0.961271405,0.66231674,0.477857262,0.159670442,2020,24.94047619047619,24.94047619047619,24.94047619047619,24.94047619047619,24.94047619047619
106,1,1,Denmark,Western Europe,2,7.645599842,1.326948524,0.979332566,0.665039897,0.495260328,0.242793396,2020,24.94047619047619,24.94047619047619,24.94047619047619,24.94047619047619,24.94047619047619
107,2,2,Switzerland,Western Europe,3,7.559899807,1.39077425,1.040533185,0.62895447,0.407945901,0.269055754,2020,24.94047619047619,24.94047619047619,24.94047619047619,24.94047619047619,24.94047619047619
108,3,3,Iceland,Western Europe,4,7.504499912,1.326501608,1.000843406,0.661980748,0.144540772,0.362330228,2020,24.94047619047619,24.94047619047619,24.94047619047619,24.94047619047619,24.94047619047619
109,4,4,Norway,Western Europe,5,7.487999916,1.42420733,1.008071899,0.670200884,0.434100568,0.287985086,2020,24.94047619047619,24.94047619047619,24.94047619047619,24.94047619047619,24.94047619047619
110,5,5,Netherlands,Western Europe,6,7.448900223,1.338946342,0.975675344,0.61362648,0.368569762,0.336317569,2020,24.94047619047619,24.94047619047619,24.94047619047619,24.94047619047619,24.94047619047619
111,6,6,Sweden,Western Europe,7,7.353499889,1.322235227,0.986470461,0.650297701,0.442066371,0.272827893,2020,24.94047619047619,24.94047619047619,24.94047619047619,24.94047619047619,24.94047619047619
112,8,8,Austria,Western Europe,9,7.294199944,1.317285538,1.000933528,0.603368878,0.281256139,0.255509764,2020,24.94047619047619,24.94047619047619,24.94047619047619,24.94047619047619,24.94047619047619
113,9,9,Luxembourg,Western Europe,10,7.237500191,1.536676049,0.986442685,0.610137045,0.367041469,0.19595392,2020,24.94047619047619,24.94047619047619,24.94047619047619,24.94047619047619,24.94047619047619
114,12,12,United Kingdom,Western Europe,13,7.164500237,1.273061037,0.97570008,0.525168657,0.322601646,0.373433441,2020,24.94047619047619,24.94047619047619,24.94047619047619,24.94047619047619,24.94047619047619
115,15,15,Ireland,Western Europe,16,7.093699932,1.446886778,0.975670695,0.587779939,0.373433262,0.295426995,2020,24.94047619047619,24.94047619047619,24.94047619047619,24.94047619047619,24.94047619047619
116,16,16,Germany,Western Europe,17,7.075799942,1.314184546,0.972114801,0.564274132,0.309362292,0.252037704,2020,24.94047619047619,24.94047619047619,24.94047619047619,24.94047619047619,24.94047619047619
117,19,19,Belgium,Western Europe,20,6.863500118,1.295842767,0.964901149,0.499805421,0.208724052,0.146966159,2020,24.94047619047619,24.94047619047619,24.94047619047619,24.94047619047619,24.94047619047619
118,21,21,Malta,Western Europe,22,6.772799969,1.252513289,0.972042024,0.633239031,0.178864077,0.341180831,2020,24.94047619047619,24.94047619047619,24.94047619047619,24.94047619047619,24.94047619047619
119,22,22,France,Western Europe,23,6.663799763,1.268129349,1.029714227,0.514050901,0.227303237,0.112607703,2020,24.94047619047619,24.94047619047619,24.94047619047619,24.94047619047619,24.94047619047619
120,27,27,Spain,Western Europe,28,6.400899887,1.230535269,1.051343083,0.425983816,0.109579779,0.16530548,2020,24.94047619047619,24.94047619047619,24.94047619047619,24.94047619047619,24.94047619047619
121,29,29,Italy,Western Europe,30,6.38740015,1.236396074,1.022504926,0.321305573,0.040145598,0.170266211,2020,24.94047619047619,24.94047619047619,24.94047619047619,24.94047619047619,24.94047619047619
122,44,44,Cyprus,Western Europe,45,6.15899992,1.21279943,1.026124597,0.459385872,0.051207144,0.227932334,2020,24.94047619047619,24.94047619047619,24.94047619047619,24.94047619047619,24.94047619047619
123,58,58,Portugal,Western Europe,59,5.910900116,1.168800831,0.979315281,0.589895189,0.027733466,0.053036947,2020,24.94047619047619,24.94047619047619,24.94047619047619,24.94047619047619,24.94047619047619
124,75,75,North Cyprus,Western Europe,76,5.53550005,1.21279943,1.026124597,0.477885723,0.199802905,0.199160054,2020,24.94047619047619,24.94047619047619,24.94047619047619,24.94047619047619,24.94047619047619
125,76,76,Greece,Western Europe,77,5.514999866,1.128070116,0.979431748,0.173516348,0.048844352,0.0,2020,24.94047619047619,24.94047619047619,24.94047619047619,24.94047619047619,24.94047619047619
126,0,0,Finland,Western Europe,1,7.842,1.446,0.741,0.691,0.481,0.124,2021,24.94047619047619,24.94047619047619,24.94047619047619,24.94047619047619,24.94047619047619
127,1,1,Denmark,Western Europe,2,7.62,1.502,0.763,0.686,0.485,0.208,2021,24.94047619047619,24.94047619047619,24.94047619047619,24.94047619047619,24.94047619047619
128,2,2,Switzerland,Western Europe,3,7.571,1.566,0.816,0.653,0.413,0.204,2021,24.94047619047619,24.94047619047619,24.94047619047619,24.94047619047619,24.94047619047619
129,3,3,Iceland,Western Europe,4,7.554,1.482,0.772,0.698,0.17,0.293,2021,24.94047619047619,24.94047619047619,24.94047619047619,24.94047619047619,24.94047619047619
130,4,4,Netherlands,Western Europe,5,7.464,1.501,0.753,0.647,0.384,0.302,2021,24.94047619047619,24.94047619047619,24.94047619047619,24.94047619047619,24.94047619047619
131,5,5,Norway,Western Europe,6,7.392,1.543,0.782,0.703,0.427,0.249,2021,24.94047619047619,24.94047619047619,24.94047619047619,24.94047619047619,24.94047619047619
132,6,6,Sweden,Western Europe,7,7.363,1.478,0.763,0.685,0.448,0.244,2021,24.94047619047619,24.94047619047619,24.94047619047619,24.94047619047619,24.94047619047619
133,7,7,Luxembourg,Western Europe,8,7.324,1.751,0.76,0.639,0.353,0.166,2021,24.94047619047619,24.94047619047619,24.94047619047619,24.94047619047619,24.94047619047619
134,9,9,Austria,Western Europe,10,7.268,1.492,0.782,0.64,0.292,0.215,2021,24.94047619047619,24.94047619047619,24.94047619047619,24.94047619047619,24.94047619047619
135,12,12,Germany,Western Europe,13,7.155,1.48,0.757,0.6,0.306,0.195,2021,24.94047619047619,24.94047619047619,24.94047619047619,24.94047619047619,24.94047619047619
136,14,14,Ireland,Western Europe,15,7.085,1.644,0.753,0.606,0.367,0.238,2021,24.94047619047619,24.94047619047619,24.94047619047619,24.94047619047619,24.94047619047619
137,16,16,United Kingdom,Western Europe,17,7.064,1.423,0.757,0.58,0.306,0.34,2021,24.94047619047619,24.94047619047619,24.94047619047619,24.94047619047619,24.94047619047619
138,19,19,Belgium,Western Europe,20,6.834,1.463,0.747,0.489,0.187,0.088,2021,24.94047619047619,24.94047619047619,24.94047619047619,24.94047619047619,24.94047619047619
139,20,20,France,Western Europe,21,6.69,1.421,0.804,0.536,0.235,0.092,2021,24.94047619047619,24.94047619047619,24.94047619047619,24.94047619047619,24.94047619047619
140,22,22,Malta,Western Europe,23,6.602,1.411,0.747,0.664,0.183,0.275,2021,24.94047619047619,24.94047619047619,24.94047619047619,24.94047619047619,24.94047619047619
141,26,26,Spain,Western Europe,27,6.491,1.375,0.826,0.462,0.124,0.135,2021,24.94047619047619,24.94047619047619,24.94047619047619,24.94047619047619,24.94047619047619
142,27,27,Italy,Western Europe,28,6.483,1.393,0.798,0.379,0.047,0.133,2021,24.94047619047619,24.94047619047619,24.94047619047619,24.94047619047619,24.94047619047619
143,38,38,Cyprus,Western Europe,39,6.223,1.377,0.801,0.464,0.061,0.178,2021,24.94047619047619,24.94047619047619,24.94047619047619,24.94047619047619,24.94047619047619
144,57,57,Portugal,Western Europe,57,5.929,1.323,0.76,0.621,0.033,0.029,2021,24.94047619047619,24.94047619047619,24.94047619047619,24.94047619047619,24.94047619047619
145,67,67,Greece,Western Europe,68,5.723,1.273,0.76,0.243,0.074,0.0,2021,24.94047619047619,24.94047619047619,24.94047619047619,24.94047619047619,24.94047619047619
146,73,73,North Cyprus,Western Europe,74,5.536,1.377,0.801,0.503,0.2,0.196,2021,24.94047619047619,24.94047619047619,24.94047619047619,24.94047619047619,24.94047619047619
147,0,0,Finland,Western Europe,1,7.821,1.892,0.775,0.736,0.534,0.109,2022,24.94047619047619,24.94047619047619,24.94047619047619,24.94047619047619,24.94047619047619
148,1,1,Denmark,Western Europe,2,7.636,1.953,0.777,0.719,0.532,0.188,2022,24.94047619047619,24.94047619047619,24.94047619047619,24.94047619047619,24.94047619047619
149,2,2,Iceland,Western Europe,3,7.557,1.936,0.803,0.718,0.191,0.27,2022,24.94047619047619,24.94047619047619,24.94047619047619,24.94047619047619,24.94047619047619
150,3,3,Switzerland,Western Europe,4,7.512,2.026,0.822,0.677,0.461,0.147,2022,24.94047619047619,24.94047619047619,24.94047619047619,24.94047619047619,24.94047619047619
151,4,4,Netherlands,Western Europe,5,7.415,1.945,0.787,0.651,0.419,0.271,2022,24.94047619047619,24.94047619047619,24.94047619047619,24.94047619047619,24.94047619047619
152,5,5,Luxembourg,Western Europe,6,7.404,2.209,0.79,0.7,0.388,0.12,2022,24.94047619047619,24.94047619047619,24.94047619047619,24.94047619047619,24.94047619047619
153,6,6,Sweden,Western Europe,7,7.384,1.92,0.803,0.724,0.512,0.218,2022,24.94047619047619,24.94047619047619,24.94047619047619,24.94047619047619,24.94047619047619
154,7,7,Norway,Western Europe,8,7.365,1.997,0.786,0.728,0.474,0.217,2022,24.94047619047619,24.94047619047619,24.94047619047619,24.94047619047619,24.94047619047619
155,10,10,Austria,Western Europe,11,7.163,1.931,0.774,0.623,0.329,0.193,2022,24.94047619047619,24.94047619047619,24.94047619047619,24.94047619047619,24.94047619047619
156,12,12,Ireland,Western Europe,13,7.041,2.129,0.779,0.627,0.408,0.19,2022,24.94047619047619,24.94047619047619,24.94047619047619,24.94047619047619,24.94047619047619
157,13,13,Germany,Western Europe,14,7.034,1.924,0.776,0.585,0.358,0.163,2022,24.94047619047619,24.94047619047619,24.94047619047619,24.94047619047619,24.94047619047619
158,16,16,United Kingdom,Western Europe,17,6.943,1.867,0.75,0.597,0.329,0.289,2022,24.94047619047619,24.94047619047619,24.94047619047619,24.94047619047619,24.94047619047619
159,18,18,Belgium,Western Europe,19,6.805,1.907,0.764,0.492,0.204,0.049,2022,24.94047619047619,24.94047619047619,24.94047619047619,24.94047619047619,24.94047619047619
160,19,19,France,Western Europe,20,6.687,1.863,0.808,0.567,0.266,0.07,2022,24.94047619047619,24.94047619047619,24.94047619047619,24.94047619047619,24.94047619047619
161,28,28,Spain,Western Europe,29,6.476,1.808,0.808,0.505,0.149,0.101,2022,24.94047619047619,24.94047619047619,24.94047619047619,24.94047619047619,24.94047619047619
162,30,30,Italy,Western Europe,31,6.467,1.834,0.801,0.412,0.059,0.085,2022,24.94047619047619,24.94047619047619,24.94047619047619,24.94047619047619,24.94047619047619
163,32,32,Malta,Western Europe,33,6.447,1.838,0.789,0.679,0.166,0.174,2022,24.94047619047619,24.94047619047619,24.94047619047619,24.94047619047619,24.94047619047619
164,40,40,Cyprus,Western Europe,41,6.221,1.815,0.819,0.448,0.062,0.123,2022,24.94047619047619,24.94047619047619,24.94047619047619,24.94047619047619,24.94047619047619
165,55,55,Portugal,Western Europe,56,6.016,1.76,0.777,0.655,0.039,0.016,2022,24.94047619047619,24.94047619047619,24.94047619047619,24.94047619047619,24.94047619047619
166,57,57,Greece,Western Europe,58,5.948,1.703,0.774,0.249,0.108,0.015,2022,24.94047619047619,24.94047619047619,24.94047619047619,24.94047619047619,24.94047619047619
167,78,78,North Cyprus,Western Europe,79,5.467,1.815,0.819,0.523,0.213,0.13,2022,24.94047619047619,24.94047619047619,24.94047619047619,24.94047619047619,24.94047619047619
168,4,4,Canada,North America and ANZ,5,7.427,1.32629,0.90563,0.63297,0.32957,0.45811,2015,11.21875,11.21875,11.21875,11.21875,11.21875
169,8,8,New Zealand,North America and ANZ,9,7.286,1.25018,0.90837,0.63938,0.42922,0.47501,2015,11.21875,11.21875,11.21875,11.21875,11.21875
170,9,9,Australia,North America and ANZ,10,7.284,1.33358,0.93156,0.65124,0.35637,0.43562,2015,11.21875,11.21875,11.21875,11.21875,11.21875
171,14,14,United States,North America and ANZ,15,7.119,1.39451,0.86179,0.54604,0.1589,0.40105,2015,11.21875,11.21875,11.21875,11.21875,11.21875
172,5,5,Canada,North America and ANZ,6,7.404,1.44015,0.8276,0.5737,0.31329,0.44834,2016,11.21875,11.21875,11.21875,11.21875,11.21875
173,7,7,New Zealand,North America and ANZ,8,7.334,1.36066,0.83096,0.58147,0.41904,0.49401,2016,11.21875,11.21875,11.21875,11.21875,11.21875
174,8,8,Australia,North America and ANZ,9,7.313,1.44443,0.8512,0.56837,0.32331,0.47407,2016,11.21875,11.21875,11.21875,11.21875,11.21875
175,12,12,United States,North America and ANZ,13,7.104,1.50796,0.779,0.48163,0.14868,0.41077,2016,11.21875,11.21875,11.21875,11.21875,11.21875
176,6,6,Canada,North America and ANZ,7,7.31599998474121,1.47920441627502,0.83455765247345,0.611100912094116,0.287371516227722,0.435539722442627,2017,11.21875,11.21875,11.21875,11.21875,11.21875
177,7,7,New Zealand,North America and ANZ,8,7.31400012969971,1.40570604801178,0.816759705543518,0.614062130451202,0.382816702127457,0.500005125999451,2017,11.21875,11.21875,11.21875,11.21875,11.21875
178,9,9,Australia,North America and ANZ,10,7.28399991989136,1.484414935112,0.84388679265976,0.601607382297516,0.301183730363846,0.477699249982834,2017,11.21875,11.21875,11.21875,11.21875,11.21875
179,13,13,United States,North America and ANZ,14,6.99300003051758,1.54625928401947,0.77428662776947,0.505740523338318,0.135638788342476,0.392578780651093,2017,11.21875,11.21875,11.21875,11.21875,11.21875
180,6,6,Canada,North America and ANZ,7,7.328,1.33,0.896,0.653,0.291,0.321,2018,11.21875,11.21875,11.21875,11.21875,11.21875
181,7,7,New Zealand,North America and ANZ,8,7.324,1.268,0.876,0.669,0.389,0.365,2018,11.21875,11.21875,11.21875,11.21875,11.21875
182,9,9,Australia,North America and ANZ,10,7.272,1.34,0.91,0.647,0.302,0.361,2018,11.21875,11.21875,11.21875,11.21875,11.21875
183,17,17,United States,North America and ANZ,18,6.886,1.398,0.819,0.547,0.133,0.291,2018,11.21875,11.21875,11.21875,11.21875,11.21875
184,7,7,New Zealand,North America and ANZ,8,7.307,1.303,1.026,0.585,0.38,0.33,2019,11.21875,11.21875,11.21875,11.21875,11.21875
185,8,8,Canada,North America and ANZ,9,7.278,1.365,1.039,0.584,0.308,0.285,2019,11.21875,11.21875,11.21875,11.21875,11.21875
186,10,10,Australia,North America and ANZ,11,7.228,1.372,1.036,0.557,0.29,0.332,2019,11.21875,11.21875,11.21875,11.21875,11.21875
187,18,18,United States,North America and ANZ,19,6.892,1.433,0.874,0.454,0.128,0.28,2019,11.21875,11.21875,11.21875,11.21875,11.21875
188,7,7,New Zealand,North America and ANZ,8,7.299600124,1.242317915,1.008138299,0.646789908,0.461268276,0.325726211,2020,11.21875,11.21875,11.21875,11.21875,11.21875
189,10,10,Canada,North America and ANZ,11,7.23210001,1.301647663,1.022501945,0.644028127,0.351701856,0.28152892,2020,11.21875,11.21875,11.21875,11.21875,11.21875
190,11,11,Australia,North America and ANZ,12,7.222799778,1.310396433,1.022607684,0.621877193,0.335996419,0.324973613,2020,11.21875,11.21875,11.21875,11.21875,11.21875
191,17,17,United States,North America and ANZ,18,6.939599991,1.37398684,0.831618011,0.534608245,0.152284741,0.298143059,2020,11.21875,11.21875,11.21875,11.21875,11.21875
192,8,8,New Zealand,North America and ANZ,9,7.277,1.4,0.785,0.665,0.445,0.276,2021,11.21875,11.21875,11.21875,11.21875,11.21875
193,10,10,Australia,North America and ANZ,11,7.183,1.453,0.801,0.647,0.317,0.291,2021,11.21875,11.21875,11.21875,11.21875,11.21875
194,13,13,Canada,North America and ANZ,14,7.103,1.447,0.798,0.648,0.335,0.246,2021,11.21875,11.21875,11.21875,11.21875,11.21875
195,18,18,United States,North America and ANZ,19,6.951,1.533,0.621,0.554,0.154,0.252,2021,11.21875,11.21875,11.21875,11.21875,11.21875
196,9,9,New Zealand,North America and ANZ,10,7.2,1.852,0.752,0.68,0.483,0.245,2022,11.21875,11.21875,11.21875,11.21875,11.21875
197,11,11,Australia,North America and ANZ,12,7.162,1.9,0.772,0.676,0.341,0.258,2022,11.21875,11.21875,11.21875,11.21875,11.21875
198,14,14,Canada,North America and ANZ,15,7.025,1.886,0.783,0.659,0.368,0.217,2022,11.21875,11.21875,11.21875,11.21875,11.21875
199,15,15,United States,North America and ANZ,16,6.977,1.982,0.628,0.574,0.177,0.22,2022,11.21875,11.21875,11.21875,11.21875,11.21875
336,11,11,Costa Rica,Latin America and Caribbean,12,7.226,0.95578,0.86027,0.63376,0.10583,0.25497,2015,48.2171052631579,48.2171052631579,48.2171052631579,48.2171052631579,48.2171052631579
337,13,13,Mexico,Latin America and Caribbean,14,7.187,1.02054,0.81444,0.48181,0.21312,0.14074,2015,48.2171052631579,48.2171052631579,48.2171052631579,48.2171052631579,48.2171052631579
338,15,15,Brazil,Latin America and Caribbean,16,6.983,0.98124,0.69702,0.49049,0.17521,0.14574,2015,48.2171052631579,48.2171052631579,48.2171052631579,48.2171052631579,48.2171052631579
339,22,22,Venezuela,Latin America and Caribbean,23,6.81,1.04424,0.72052,0.42908,0.11069,0.05841,2015,48.2171052631579,48.2171052631579,48.2171052631579,48.2171052631579,48.2171052631579
340,24,24,Panama,Latin America and Caribbean,25,6.786,1.06353,0.79661,0.5421,0.0927,0.24434,2015,48.2171052631579,48.2171052631579,48.2171052631579,48.2171052631579,48.2171052631579
341,26,26,Chile,Latin America and Caribbean,27,6.67,1.10715,0.85857,0.44132,0.12869,0.33363,2015,48.2171052631579,48.2171052631579,48.2171052631579,48.2171052631579,48.2171052631579
342,29,29,Argentina,Latin America and Caribbean,30,6.574,1.05351,0.78723,0.44974,0.08484,0.11451,2015,48.2171052631579,48.2171052631579,48.2171052631579,48.2171052631579,48.2171052631579
343,31,31,Uruguay,Latin America and Caribbean,32,6.485,1.06166,0.8116,0.60362,0.24558,0.2324,2015,48.2171052631579,48.2171052631579,48.2171052631579,48.2171052631579,48.2171052631579
344,32,32,Colombia,Latin America and Caribbean,33,6.477,0.91861,0.69077,0.53466,0.0512,0.18401,2015,48.2171052631579,48.2171052631579,48.2171052631579,48.2171052631579,48.2171052631579
345,41,41,El Salvador,Latin America and Caribbean,42,6.13,0.76454,0.67737,0.4035,0.11776,0.10692,2015,48.2171052631579,48.2171052631579,48.2171052631579,48.2171052631579,48.2171052631579
346,42,42,Guatemala,Latin America and Caribbean,43,6.123,0.74553,0.64425,0.57733,0.09472,0.27489,2015,48.2171052631579,48.2171052631579,48.2171052631579,48.2171052631579,48.2171052631579
347,47,47,Ecuador,Latin America and Caribbean,48,5.975,0.86402,0.79075,0.48574,0.1809,0.11541,2015,48.2171052631579,48.2171052631579,48.2171052631579,48.2171052631579,48.2171052631579
348,50,50,Bolivia,Latin America and Caribbean,51,5.89,0.68133,0.5392,0.57414,0.088,0.20536,2015,48.2171052631579,48.2171052631579,48.2171052631579,48.2171052631579,48.2171052631579
349,52,52,Paraguay,Latin America and Caribbean,53,5.878,0.75985,0.66098,0.53899,0.08242,0.3424,2015,48.2171052631579,48.2171052631579,48.2171052631579,48.2171052631579,48.2171052631579
350,56,56,Nicaragua,Latin America and Caribbean,57,5.828,0.59325,0.74314,0.55475,0.19317,0.27815,2015,48.2171052631579,48.2171052631579,48.2171052631579,48.2171052631579,48.2171052631579
351,57,57,Peru,Latin America and Caribbean,58,5.824,0.90019,0.73017,0.41496,0.05989,0.14982,2015,48.2171052631579,48.2171052631579,48.2171052631579,48.2171052631579,48.2171052631579
352,64,64,Jamaica,Latin America and Caribbean,65,5.709,0.81038,0.68741,0.50442,0.02299,0.2123,2015,48.2171052631579,48.2171052631579,48.2171052631579,48.2171052631579,48.2171052631579
353,97,97,Dominican Republic,Latin America and Caribbean,98,4.885,0.89537,0.66825,0.57672,0.14234,0.21684,2015,48.2171052631579,48.2171052631579,48.2171052631579,48.2171052631579,48.2171052631579
354,104,104,Honduras,Latin America and Caribbean,105,4.788,0.59532,0.6951,0.40148,0.06825,0.23027,2015,48.2171052631579,48.2171052631579,48.2171052631579,48.2171052631579,48.2171052631579
355,13,13,Costa Rica,Latin America and Caribbean,14,7.087,1.06879,0.76146,0.55225,0.10547,0.22553,2016,48.2171052631579,48.2171052631579,48.2171052631579,48.2171052631579,48.2171052631579
356,16,16,Brazil,Latin America and Caribbean,17,6.952,1.08754,0.61415,0.40425,0.14166,0.15776,2016,48.2171052631579,48.2171052631579,48.2171052631579,48.2171052631579,48.2171052631579
357,20,20,Mexico,Latin America and Caribbean,21,6.778,1.11508,0.71143,0.37709,0.18355,0.11735,2016,48.2171052631579,48.2171052631579,48.2171052631579,48.2171052631579,48.2171052631579
358,23,23,Chile,Latin America and Caribbean,24,6.705,1.2167,0.81883,0.37789,0.11451,0.31595,2016,48.2171052631579,48.2171052631579,48.2171052631579,48.2171052631579,48.2171052631579
359,24,24,Panama,Latin America and Caribbean,25,6.701,1.18306,0.70835,0.48927,0.08423,0.2418,2016,48.2171052631579,48.2171052631579,48.2171052631579,48.2171052631579,48.2171052631579
360,25,25,Argentina,Latin America and Caribbean,26,6.65,1.15137,0.69711,0.42284,0.07296,0.10989,2016,48.2171052631579,48.2171052631579,48.2171052631579,48.2171052631579,48.2171052631579
361,28,28,Uruguay,Latin America and Caribbean,29,6.545,1.18157,0.72183,0.54388,0.21394,0.18056,2016,48.2171052631579,48.2171052631579,48.2171052631579,48.2171052631579,48.2171052631579
362,30,30,Colombia,Latin America and Caribbean,31,6.481,1.03032,0.59659,0.44735,0.05399,0.15626,2016,48.2171052631579,48.2171052631579,48.2171052631579,48.2171052631579,48.2171052631579
363,38,38,Guatemala,Latin America and Caribbean,39,6.324,0.83454,0.54039,0.50379,0.08701,0.28808,2016,48.2171052631579,48.2171052631579,48.2171052631579,48.2171052631579,48.2171052631579
364,43,43,Venezuela,Latin America and Caribbean,44,6.084,1.13367,0.61904,0.19847,0.08304,0.0425,2016,48.2171052631579,48.2171052631579,48.2171052631579,48.2171052631579,48.2171052631579
365,45,45,El Salvador,Latin America and Caribbean,46,6.068,0.8737,0.596,0.37269,0.10613,0.08877,2016,48.2171052631579,48.2171052631579,48.2171052631579,48.2171052631579,48.2171052631579
366,47,47,Nicaragua,Latin America and Caribbean,48,5.992,0.69384,0.65213,0.46582,0.16292,0.29773,2016,48.2171052631579,48.2171052631579,48.2171052631579,48.2171052631579,48.2171052631579
367,50,50,Ecuador,Latin America and Caribbean,51,5.976,0.97306,0.68613,0.4027,0.18037,0.10074,2016,48.2171052631579,48.2171052631579,48.2171052631579,48.2171052631579,48.2171052631579
368,58,58,Bolivia,Latin America and Caribbean,59,5.822,0.79422,0.4697,0.50961,0.07746,0.21698,2016,48.2171052631579,48.2171052631579,48.2171052631579,48.2171052631579,48.2171052631579
369,63,63,Peru,Latin America and Caribbean,64,5.743,0.99602,0.62994,0.37502,0.05292,0.14527,2016,48.2171052631579,48.2171052631579,48.2171052631579,48.2171052631579,48.2171052631579
370,69,69,Paraguay,Latin America and Caribbean,70,5.538,0.89373,0.58295,0.46235,0.07396,0.25296,2016,48.2171052631579,48.2171052631579,48.2171052631579,48.2171052631579,48.2171052631579
371,72,72,Jamaica,Latin America and Caribbean,73,5.51,0.89333,0.59469,0.43597,0.04294,0.22245,2016,48.2171052631579,48.2171052631579,48.2171052631579,48.2171052631579,48.2171052631579
372,88,88,Dominican Republic,Latin America and Caribbean,89,5.155,1.02787,0.57669,0.52259,0.12372,0.21286,2016,48.2171052631579,48.2171052631579,48.2171052631579,48.2171052631579,48.2171052631579
373,103,103,Honduras,Latin America and Caribbean,104,4.871,0.69429,0.58383,0.26755,0.06906,0.2044,2016,48.2171052631579,48.2171052631579,48.2171052631579,48.2171052631579,48.2171052631579
374,11,11,Costa Rica,Latin America and Caribbean,12,7.0789999961853,1.10970628261566,0.759509265422821,0.580131649971008,0.100106589496136,0.214613229036331,2017,48.2171052631579,48.2171052631579,48.2171052631579,48.2171052631579,48.2171052631579
375,19,19,Chile,Latin America and Caribbean,20,6.65199995040894,1.25278460979462,0.819479703903198,0.376895278692245,0.0822879821062088,0.326662421226501,2017,48.2171052631579,48.2171052631579,48.2171052631579,48.2171052631579,48.2171052631579
376,21,21,Brazil,Latin America and Caribbean,22,6.63500022888184,1.10735321044922,0.616552352905273,0.437453746795654,0.111092761158943,0.16234989464283,2017,48.2171052631579,48.2171052631579,48.2171052631579,48.2171052631579,48.2171052631579
377,23,23,Argentina,Latin America and Caribbean,24,6.59899997711182,1.18529546260834,0.695137083530426,0.494519203901291,0.059739887714386,0.109457060694695,2017,48.2171052631579,48.2171052631579,48.2171052631579,48.2171052631579,48.2171052631579
378,24,24,Mexico,Latin America and Caribbean,25,6.57800006866455,1.15318381786346,0.709978997707367,0.412730008363724,0.132774114608765,0.120990432798862,2017,48.2171052631579,48.2171052631579,48.2171052631579,48.2171052631579,48.2171052631579
379,27,27,Uruguay,Latin America and Caribbean,28,6.4539999961853,1.21755969524384,0.719216823577881,0.57939225435257,0.178061872720718,0.175096929073334,2017,48.2171052631579,48.2171052631579,48.2171052631579,48.2171052631579,48.2171052631579
380,28,28,Guatemala,Latin America and Caribbean,29,6.4539999961853,0.872001945972443,0.540239989757538,0.531310617923737,0.0772232785820961,0.283488392829895,2017,48.2171052631579,48.2171052631579,48.2171052631579,48.2171052631579,48.2171052631579
381,29,29,Panama,Latin America and Caribbean,30,6.4520001411438,1.23374843597412,0.706156134605408,0.550026834011078,0.070983923971653,0.21055693924427,2017,48.2171052631579,48.2171052631579,48.2171052631579,48.2171052631579,48.2171052631579
382,35,35,Colombia,Latin America and Caribbean,36,6.35699987411499,1.07062232494354,0.595027923583984,0.477487415075302,0.0466687418520451,0.149014472961426,2017,48.2171052631579,48.2171052631579,48.2171052631579,48.2171052631579,48.2171052631579
383,42,42,Nicaragua,Latin America and Caribbean,43,6.07100009918213,0.737299203872681,0.653095960617065,0.447551846504211,0.130687981843948,0.301674216985703,2017,48.2171052631579,48.2171052631579,48.2171052631579,48.2171052631579,48.2171052631579
384,43,43,Ecuador,Latin America and Caribbean,44,6.00799989700317,1.00082039833069,0.685636222362518,0.4551981985569,0.140134647488594,0.150112465023994,2017,48.2171052631579,48.2171052631579,48.2171052631579,48.2171052631579,48.2171052631579
385,44,44,El Salvador,Latin America and Caribbean,45,6.00299978256226,0.909784495830536,0.596018552780151,0.432452529668808,0.0899809598922729,0.0782579854130745,2017,48.2171052631579,48.2171052631579,48.2171052631579,48.2171052631579,48.2171052631579
386,57,57,Bolivia,Latin America and Caribbean,58,5.82299995422363,0.833756566047668,0.473630249500275,0.558732926845551,0.0604777261614799,0.22556072473526,2017,48.2171052631579,48.2171052631579,48.2171052631579,48.2171052631579,48.2171052631579
387,62,62,Peru,Latin America and Caribbean,63,5.71500015258789,1.03522527217865,0.630166113376617,0.450002878904343,0.0470490865409374,0.126819714903831,2017,48.2171052631579,48.2171052631579,48.2171052631579,48.2171052631579,48.2171052631579
388,69,69,Paraguay,Latin America and Caribbean,70,5.49300003051758,0.932537317276001,0.579250693321228,0.473507791757584,0.091065913438797,0.224150657653809,2017,48.2171052631579,48.2171052631579,48.2171052631579,48.2171052631579,48.2171052631579
389,75,75,Jamaica,Latin America and Caribbean,76,5.31099987030029,0.925579309463501,0.641022384166718,0.474307239055634,0.0552677810192108,0.233818337321281,2017,48.2171052631579,48.2171052631579,48.2171052631579,48.2171052631579,48.2171052631579
390,81,81,Venezuela,Latin America and Caribbean,82,5.25,1.12843120098114,0.617144227027893,0.153997123241425,0.0644911229610443,0.0650196298956871,2017,48.2171052631579,48.2171052631579,48.2171052631579,48.2171052631579,48.2171052631579
391,85,85,Dominican Republic,Latin America and Caribbean,86,5.23000001907349,1.07937383651733,0.574873745441437,0.55258983373642,0.113945253193378,0.186967849731445,2017,48.2171052631579,48.2171052631579,48.2171052631579,48.2171052631579,48.2171052631579
392,90,90,Honduras,Latin America and Caribbean,91,5.18100023269653,0.730573117733002,0.582569479942322,0.348079860210419,0.0733454525470734,0.236188873648643,2017,48.2171052631579,48.2171052631579,48.2171052631579,48.2171052631579,48.2171052631579
393,12,12,Costa Rica,Latin America and Caribbean,13,7.072,1.01,0.817,0.632,0.101,0.143,2018,48.2171052631579,48.2171052631579,48.2171052631579,48.2171052631579,48.2171052631579
394,23,23,Mexico,Latin America and Caribbean,24,6.488,1.038,0.761,0.479,0.095,0.069,2018,48.2171052631579,48.2171052631579,48.2171052631579,48.2171052631579,48.2171052631579
395,24,24,Chile,Latin America and Caribbean,25,6.476,1.131,0.808,0.431,0.061,0.197,2018,48.2171052631579,48.2171052631579,48.2171052631579,48.2171052631579,48.2171052631579
396,26,26,Panama,Latin America and Caribbean,27,6.43,1.112,0.759,0.597,0.063,0.125,2018,48.2171052631579,48.2171052631579,48.2171052631579,48.2171052631579,48.2171052631579
397,27,27,Brazil,Latin America and Caribbean,28,6.419,0.986,0.675,0.493,0.088,0.11,2018,48.2171052631579,48.2171052631579,48.2171052631579,48.2171052631579,48.2171052631579
398,28,28,Argentina,Latin America and Caribbean,29,6.388,1.073,0.744,0.57,0.054,0.062,2018,48.2171052631579,48.2171052631579,48.2171052631579,48.2171052631579,48.2171052631579
399,29,29,Guatemala,Latin America and Caribbean,30,6.382,0.781,0.608,0.604,0.071,0.179,2018,48.2171052631579,48.2171052631579,48.2171052631579,48.2171052631579,48.2171052631579
400,30,30,Uruguay,Latin America and Caribbean,31,6.379,1.093,0.771,0.625,0.155,0.13,2018,48.2171052631579,48.2171052631579,48.2171052631579,48.2171052631579,48.2171052631579
401,36,36,Colombia,Latin America and Caribbean,37,6.26,0.96,0.635,0.531,0.039,0.099,2018,48.2171052631579,48.2171052631579,48.2171052631579,48.2171052631579,48.2171052631579
402,39,39,El Salvador,Latin America and Caribbean,40,6.167,0.806,0.639,0.461,0.082,0.065,2018,48.2171052631579,48.2171052631579,48.2171052631579,48.2171052631579,48.2171052631579
403,40,40,Nicaragua,Latin America and Caribbean,41,6.141,0.668,0.7,0.527,0.128,0.208,2018,48.2171052631579,48.2171052631579,48.2171052631579,48.2171052631579,48.2171052631579
404,47,47,Ecuador,Latin America and Caribbean,48,5.973,0.889,0.736,0.556,0.12,0.114,2018,48.2171052631579,48.2171052631579,48.2171052631579,48.2171052631579,48.2171052631579
405,55,55,Jamaica,Latin America and Caribbean,56,5.89,0.819,0.693,0.575,0.031,0.096,2018,48.2171052631579,48.2171052631579,48.2171052631579,48.2171052631579,48.2171052631579
406,61,61,Bolivia,Latin America and Caribbean,62,5.752,0.751,0.508,0.606,0.054,0.141,2018,48.2171052631579,48.2171052631579,48.2171052631579,48.2171052631579,48.2171052631579
407,63,63,Paraguay,Latin America and Caribbean,64,5.681,0.835,0.615,0.541,0.074,0.162,2018,48.2171052631579,48.2171052631579,48.2171052631579,48.2171052631579,48.2171052631579
408,64,64,Peru,Latin America and Caribbean,65,5.663,0.934,0.674,0.53,0.034,0.092,2018,48.2171052631579,48.2171052631579,48.2171052631579,48.2171052631579,48.2171052631579
409,71,71,Honduras,Latin America and Caribbean,72,5.504,0.62,0.622,0.459,0.074,0.197,2018,48.2171052631579,48.2171052631579,48.2171052631579,48.2171052631579,48.2171052631579
410,82,82,Dominican Republic,Latin America and Caribbean,83,5.302,0.982,0.614,0.578,0.106,0.12,2018,48.2171052631579,48.2171052631579,48.2171052631579,48.2171052631579,48.2171052631579
411,101,101,Venezuela,Latin America and Caribbean,102,4.806,0.996,0.657,0.133,0.052,0.056,2018,48.2171052631579,48.2171052631579,48.2171052631579,48.2171052631579,48.2171052631579
412,11,11,Costa Rica,Latin America and Caribbean,12,7.167,1.034,0.963,0.558,0.093,0.144,2019,48.2171052631579,48.2171052631579,48.2171052631579,48.2171052631579,48.2171052631579
413,22,22,Mexico,Latin America and Caribbean,23,6.595,1.07,0.861,0.433,0.073,0.074,2019,48.2171052631579,48.2171052631579,48.2171052631579,48.2171052631579,48.2171052631579
414,25,25,Chile,Latin America and Caribbean,26,6.444,1.159,0.92,0.357,0.056,0.187,2019,48.2171052631579,48.2171052631579,48.2171052631579,48.2171052631579,48.2171052631579
415,26,26,Guatemala,Latin America and Caribbean,27,6.436,0.8,0.746,0.535,0.078,0.175,2019,48.2171052631579,48.2171052631579,48.2171052631579,48.2171052631579,48.2171052631579
416,30,30,Panama,Latin America and Caribbean,31,6.321,1.149,0.91,0.516,0.054,0.109,2019,48.2171052631579,48.2171052631579,48.2171052631579,48.2171052631579,48.2171052631579
417,31,31,Brazil,Latin America and Caribbean,32,6.3,1.004,0.802,0.39,0.086,0.099,2019,48.2171052631579,48.2171052631579,48.2171052631579,48.2171052631579,48.2171052631579
418,32,32,Uruguay,Latin America and Caribbean,33,6.293,1.124,0.891,0.523,0.15,0.127,2019,48.2171052631579,48.2171052631579,48.2171052631579,48.2171052631579,48.2171052631579
419,34,34,El Salvador,Latin America and Caribbean,35,6.253,0.794,0.789,0.43,0.074,0.093,2019,48.2171052631579,48.2171052631579,48.2171052631579,48.2171052631579,48.2171052631579
420,42,42,Colombia,Latin America and Caribbean,43,6.125,0.985,0.841,0.47,0.034,0.099,2019,48.2171052631579,48.2171052631579,48.2171052631579,48.2171052631579,48.2171052631579
421,44,44,Nicaragua,Latin America and Caribbean,45,6.105,0.694,0.835,0.435,0.127,0.2,2019,48.2171052631579,48.2171052631579,48.2171052631579,48.2171052631579,48.2171052631579
422,46,46,Argentina,Latin America and Caribbean,47,6.086,1.092,0.881,0.471,0.05,0.066,2019,48.2171052631579,48.2171052631579,48.2171052631579,48.2171052631579,48.2171052631579
423,49,49,Ecuador,Latin America and Caribbean,50,6.028,0.912,0.868,0.498,0.087,0.126,2019,48.2171052631579,48.2171052631579,48.2171052631579,48.2171052631579,48.2171052631579
424,55,55,Jamaica,Latin America and Caribbean,56,5.89,0.831,0.831,0.49,0.028,0.107,2019,48.2171052631579,48.2171052631579,48.2171052631579,48.2171052631579,48.2171052631579
425,58,58,Honduras,Latin America and Caribbean,59,5.86,0.642,0.828,0.507,0.078,0.246,2019,48.2171052631579,48.2171052631579,48.2171052631579,48.2171052631579,48.2171052631579
426,60,60,Bolivia,Latin America and Caribbean,61,5.779,0.776,0.706,0.511,0.064,0.137,2019,48.2171052631579,48.2171052631579,48.2171052631579,48.2171052631579,48.2171052631579
427,62,62,Paraguay,Latin America and Caribbean,63,5.743,0.855,0.777,0.514,0.08,0.184,2019,48.2171052631579,48.2171052631579,48.2171052631579,48.2171052631579,48.2171052631579
428,64,64,Peru,Latin America and Caribbean,65,5.697,0.96,0.854,0.455,0.027,0.083,2019,48.2171052631579,48.2171052631579,48.2171052631579,48.2171052631579,48.2171052631579
429,76,76,Dominican Republic,Latin America and Caribbean,77,5.425,1.015,0.779,0.497,0.101,0.113,2019,48.2171052631579,48.2171052631579,48.2171052631579,48.2171052631579,48.2171052631579
430,107,107,Venezuela,Latin America and Caribbean,108,4.707,0.96,0.805,0.154,0.047,0.064,2019,48.2171052631579,48.2171052631579,48.2171052631579,48.2171052631579,48.2171052631579
431,14,14,Costa Rica,Latin America and Caribbean,15,7.121399879,0.981107712,0.939635336,0.645017743,0.096362092,0.131266311,2020,48.2171052631579,48.2171052631579,48.2171052631579,48.2171052631579,48.2171052631579
432,23,23,Mexico,Latin America and Caribbean,24,6.465000153,1.024387479,0.831601024,0.553892553,0.083133668,0.083094485,2020,48.2171052631579,48.2171052631579,48.2171052631579,48.2171052631579,48.2171052631579
433,25,25,Uruguay,Latin America and Caribbean,26,6.440100193,1.071000457,0.856928885,0.59426707,0.193425074,0.132143691,2020,48.2171052631579,48.2171052631579,48.2171052631579,48.2171052631579,48.2171052631579
434,28,28,Guatemala,Latin America and Caribbean,29,6.398900032,0.753815711,0.705952585,0.613146722,0.0983603,0.170611665,2020,48.2171052631579,48.2171052631579,48.2171052631579,48.2171052631579,48.2171052631579
435,31,31,Brazil,Latin America and Caribbean,32,6.375599861,0.952679873,0.766119063,0.483292729,0.106518604,0.131674588,2020,48.2171052631579,48.2171052631579,48.2171052631579,48.2171052631579,48.2171052631579
436,33,33,El Salvador,Latin America and Caribbean,34,6.34829998,0.748940408,0.752730012,0.524043918,0.117030352,0.1189363,2020,48.2171052631579,48.2171052631579,48.2171052631579,48.2171052631579,48.2171052631579
437,35,35,Panama,Latin America and Caribbean,36,6.304800034,1.097667813,0.878546536,0.57984978,0.054230526,0.097207308,2020,48.2171052631579,48.2171052631579,48.2171052631579,48.2171052631579,48.2171052631579
438,38,38,Chile,Latin America and Caribbean,39,6.228499889,1.096992493,0.889260828,0.417482227,0.06284935,0.155579001,2020,48.2171052631579,48.2171052631579,48.2171052631579,48.2171052631579,48.2171052631579
439,43,43,Colombia,Latin America and Caribbean,44,6.163400173,0.93220371,0.810020149,0.526890039,0.04584837,0.092374094,2020,48.2171052631579,48.2171052631579,48.2171052631579,48.2171052631579,48.2171052631579
440,45,45,Nicaragua,Latin America and Caribbean,46,6.13710022,0.620033145,0.803093255,0.560117304,0.174084574,0.212871477,2020,48.2171052631579,48.2171052631579,48.2171052631579,48.2171052631579,48.2171052631579
441,54,54,Argentina,Latin America and Caribbean,55,5.974699974,1.028465629,0.849773705,0.520840347,0.060415059,0.070100471,2020,48.2171052631579,48.2171052631579,48.2171052631579,48.2171052631579,48.2171052631579
442,55,55,Honduras,Latin America and Caribbean,56,5.953199863,0.598763585,0.791989982,0.568148077,0.086807102,0.256528199,2020,48.2171052631579,48.2171052631579,48.2171052631579,48.2171052631579,48.2171052631579
443,57,57,Ecuador,Latin America and Caribbean,58,5.925199986,0.853383601,0.838837743,0.555234551,0.086753383,0.115006477,2020,48.2171052631579,48.2171052631579,48.2171052631579,48.2171052631579,48.2171052631579
444,59,59,Jamaica,Latin America and Caribbean,60,5.889800072,0.779058397,0.788434088,0.553124607,0.030147785,0.116268493,2020,48.2171052631579,48.2171052631579,48.2171052631579,48.2171052631579,48.2171052631579
445,62,62,Peru,Latin America and Caribbean,63,5.796800137,0.91854918,0.824444175,0.513210058,0.02703266,0.091611817,2020,48.2171052631579,48.2171052631579,48.2171052631579,48.2171052631579,48.2171052631579
446,64,64,Bolivia,Latin America and Caribbean,65,5.747499943,0.730976343,0.662445664,0.5744645,0.072942637,0.138375074,2020,48.2171052631579,48.2171052631579,48.2171052631579,48.2171052631579,48.2171052631579
447,66,66,Paraguay,Latin America and Caribbean,67,5.692100048,0.897990823,0.735869646,0.586510062,0.065077379,0.204299241,2020,48.2171052631579,48.2171052631579,48.2171052631579,48.2171052631579,48.2171052631579
448,67,67,Dominican Republic,Latin America and Caribbean,68,5.689199924,0.983191848,0.741901696,0.5628739,0.115945682,0.112196781,2020,48.2171052631579,48.2171052631579,48.2171052631579,48.2171052631579,48.2171052631579
449,98,98,Venezuela,Latin America and Caribbean,99,5.053199768,0.770238638,0.76702553,0.271717221,0.063624777,0.087179154,2020,48.2171052631579,48.2171052631579,48.2171052631579,48.2171052631579,48.2171052631579
450,15,15,Costa Rica,Latin America and Caribbean,16,7.069,1.134,0.722,0.673,0.083,0.105,2021,48.2171052631579,48.2171052631579,48.2171052631579,48.2171052631579,48.2171052631579
451,29,29,Guatemala,Latin America and Caribbean,30,6.435,0.845,0.519,0.638,0.105,0.163,2021,48.2171052631579,48.2171052631579,48.2171052631579,48.2171052631579,48.2171052631579
452,30,30,Uruguay,Latin America and Caribbean,31,6.431,1.164,0.649,0.625,0.223,0.128,2021,48.2171052631579,48.2171052631579,48.2171052631579,48.2171052631579,48.2171052631579
453,34,34,Brazil,Latin America and Caribbean,35,6.33,1.028,0.571,0.514,0.117,0.142,2021,48.2171052631579,48.2171052631579,48.2171052631579,48.2171052631579,48.2171052631579
454,35,35,Mexico,Latin America and Caribbean,36,6.317,1.126,0.634,0.585,0.089,0.092,2021,48.2171052631579,48.2171052631579,48.2171052631579,48.2171052631579,48.2171052631579
455,36,36,Jamaica,Latin America and Caribbean,37,6.309,0.891,0.599,0.618,0.035,0.099,2021,48.2171052631579,48.2171052631579,48.2171052631579,48.2171052631579,48.2171052631579
456,40,40,Panama,Latin America and Caribbean,41,6.18,1.298,0.667,0.596,0.053,0.079,2021,48.2171052631579,48.2171052631579,48.2171052631579,48.2171052631579,48.2171052631579
457,42,42,Chile,Latin America and Caribbean,43,6.172,1.2,0.678,0.438,0.07,0.159,2021,48.2171052631579,48.2171052631579,48.2171052631579,48.2171052631579,48.2171052631579
458,48,48,El Salvador,Latin America and Caribbean,49,6.061,0.845,0.565,0.615,0.16,0.116,2021,48.2171052631579,48.2171052631579,48.2171052631579,48.2171052631579,48.2171052631579
459,51,51,Colombia,Latin America and Caribbean,52,6.012,1.021,0.615,0.554,0.063,0.1,2021,48.2171052631579,48.2171052631579,48.2171052631579,48.2171052631579,48.2171052631579
460,54,54,Nicaragua,Latin America and Caribbean,55,5.972,0.693,0.604,0.553,0.176,0.201,2021,48.2171052631579,48.2171052631579,48.2171052631579,48.2171052631579,48.2171052631579
461,56,56,Argentina,Latin America and Caribbean,57,5.929,1.162,0.646,0.544,0.067,0.069,2021,48.2171052631579,48.2171052631579,48.2171052631579,48.2171052631579,48.2171052631579
462,58,58,Honduras,Latin America and Caribbean,59,5.919,0.703,0.593,0.578,0.083,0.241,2021,48.2171052631579,48.2171052631579,48.2171052631579,48.2171052631579,48.2171052631579
463,62,62,Peru,Latin America and Caribbean,63,5.84,0.986,0.623,0.536,0.031,0.087,2021,48.2171052631579,48.2171052631579,48.2171052631579,48.2171052631579,48.2171052631579
464,65,65,Ecuador,Latin America and Caribbean,66,5.764,0.935,0.64,0.56,0.062,0.107,2021,48.2171052631579,48.2171052631579,48.2171052631579,48.2171052631579,48.2171052631579
465,68,68,Bolivia,Latin America and Caribbean,69,5.716,0.842,0.486,0.6,0.064,0.138,2021,48.2171052631579,48.2171052631579,48.2171052631579,48.2171052631579,48.2171052631579
466,70,70,Paraguay,Latin America and Caribbean,71,5.653,0.983,0.549,0.602,0.037,0.206,2021,48.2171052631579,48.2171052631579,48.2171052631579,48.2171052631579,48.2171052631579
467,72,72,Dominican Republic,Latin America and Caribbean,73,5.545,1.106,0.555,0.581,0.144,0.101,2021,48.2171052631579,48.2171052631579,48.2171052631579,48.2171052631579,48.2171052631579
468,106,106,Venezuela,Latin America and Caribbean,107,4.892,0.852,0.574,0.284,0.072,0.078,2021,48.2171052631579,48.2171052631579,48.2171052631579,48.2171052631579,48.2171052631579
469,22,22,Costa Rica,Latin America and Caribbean,23,6.582,1.584,0.744,0.661,0.102,0.089,2022,48.2171052631579,48.2171052631579,48.2171052631579,48.2171052631579,48.2171052631579
470,29,29,Uruguay,Latin America and Caribbean,30,6.474,1.615,0.672,0.665,0.265,0.103,2022,48.2171052631579,48.2171052631579,48.2171052631579,48.2171052631579,48.2171052631579
471,36,36,Panama,Latin America and Caribbean,37,6.309,1.715,0.709,0.592,0.051,0.049,2022,48.2171052631579,48.2171052631579,48.2171052631579,48.2171052631579,48.2171052631579
472,37,37,Brazil,Latin America and Caribbean,38,6.293,1.462,0.615,0.546,0.134,0.131,2022,48.2171052631579,48.2171052631579,48.2171052631579,48.2171052631579,48.2171052631579
473,38,38,Guatemala,Latin America and Caribbean,39,6.262,1.274,0.522,0.662,0.115,0.112,2022,48.2171052631579,48.2171052631579,48.2171052631579,48.2171052631579,48.2171052631579
474,43,43,Chile,Latin America and Caribbean,44,6.172,1.651,0.748,0.46,0.069,0.124,2022,48.2171052631579,48.2171052631579,48.2171052631579,48.2171052631579,48.2171052631579
475,44,44,Nicaragua,Latin America and Caribbean,45,6.165,1.105,0.617,0.617,0.212,0.168,2022,48.2171052631579,48.2171052631579,48.2171052631579,48.2171052631579,48.2171052631579
476,45,45,Mexico,Latin America and Caribbean,46,6.128,1.552,0.623,0.621,0.115,0.092,2022,48.2171052631579,48.2171052631579,48.2171052631579,48.2171052631579,48.2171052631579
477,48,48,El Salvador,Latin America and Caribbean,49,6.12,1.265,0.607,0.666,0.212,0.089,2022,48.2171052631579,48.2171052631579,48.2171052631579,48.2171052631579,48.2171052631579
478,54,54,Honduras,Latin America and Caribbean,55,6.022,1.111,0.555,0.582,0.076,0.202,2022,48.2171052631579,48.2171052631579,48.2171052631579,48.2171052631579,48.2171052631579
479,56,56,Argentina,Latin America and Caribbean,57,5.967,1.592,0.662,0.555,0.085,0.081,2022,48.2171052631579,48.2171052631579,48.2171052631579,48.2171052631579,48.2171052631579
480,62,62,Jamaica,Latin America and Caribbean,63,5.85,1.296,0.646,0.567,0.053,0.08,2022,48.2171052631579,48.2171052631579,48.2171052631579,48.2171052631579,48.2171052631579
481,65,65,Colombia,Latin America and Caribbean,66,5.781,1.452,0.72,0.545,0.077,0.087,2022,48.2171052631579,48.2171052631579,48.2171052631579,48.2171052631579,48.2171052631579
482,68,68,Dominican Republic,Latin America and Caribbean,69,5.737,1.538,0.577,0.606,0.179,0.084,2022,48.2171052631579,48.2171052631579,48.2171052631579,48.2171052631579,48.2171052631579
483,70,70,Bolivia,Latin America and Caribbean,71,5.6,1.256,0.555,0.627,0.064,0.112,2022,48.2171052631579,48.2171052631579,48.2171052631579,48.2171052631579,48.2171052631579
484,72,72,Paraguay,Latin America and Caribbean,73,5.578,1.409,0.624,0.629,0.059,0.171,2022,48.2171052631579,48.2171052631579,48.2171052631579,48.2171052631579,48.2171052631579
485,73,73,Peru,Latin America and Caribbean,74,5.559,1.397,0.735,0.545,0.037,0.09,2022,48.2171052631579,48.2171052631579,48.2171052631579,48.2171052631579,48.2171052631579
486,75,75,Ecuador,Latin America and Caribbean,76,5.533,1.352,0.708,0.565,0.083,0.08,2022,48.2171052631579,48.2171052631579,48.2171052631579,48.2171052631579,48.2171052631579
487,107,107,Venezuela,Latin America and Caribbean,108,4.925,0.0,0.578,0.283,0.082,0.225,2022,48.2171052631579,48.2171052631579,48.2171052631579,48.2171052631579,48.2171052631579
